시설물명,위도,경도,과속방지턱,도로적색표면,무단횡단방지펜스,보호구역표지판,신호등,옐로카펫,횡단보도,보호구역 도로폭,발생건수,사상자수,사망및중상자수,사망자수,중상자수,경상자수,행정동,총인구수,0~4세,5~9세,10~14세,어린이인구_0_14,어린이비율,도로안전표지,생활안전CCTV,무인교통단속카메라,시설유형,구
빛가온초등학교,37.413689906,126.882025537,10,13,19,14,47,1,30,12,0,0,0,0,0,0,일직동,21148.0,851.0,979.0,1264.0,3094.0,14.630225080385854,0,8,2,초등학교,광명시
빛가온유치원,37.416952326,126.888264888,1,4,12,9,35,0,10,14,0,0,0,0,0,0,일직동,21148.0,851.0,979.0,1264.0,3094.0,14.630225080385854,0,0,0,유치원,광명시
광명생명숲어린이집,37.432308566,126.877817192,2,0,0,8,11,0,6,20,0,0,0,0,0,0,소하동,54145.0,1089.0,1725.0,2722.0,5536.0,10.224397451288208,0,2,0,어린이집,광명시
큰별어린이집,37.436146295,126.877327277,2,3,9,8,7,0,1,10,0,0,0,0,0,0,소하동,54145.0,1089.0,1725.0,2722.0,5536.0,10.224397451288208,0,0,1,어린이집,광명시
충현초등학교,37.432490073,126.884626583,7,7,0,7,30,1,14,19,0,0,0,0,0,0,소하동,54145.0,1089.0,1725.0,2722.0,5536.0,10.224397451288208,0,2,2,초등학교,광명시
트인아이유치원,37.434968089,126.886029485,7,3,0,5,11,1,10,11,0,0,0,0,0,0,소하동,54145.0,1089.0,1725.0,2722.0,5536.0,10.224397451288208,0,2,1,유치원,광명시
아란유치원,37.437261872,126.879689153,6,4,11,12,12,1,3,7,0,0,0,0,0,0,소하동,54145.0,1089.0,1725.0,2722.0,5536.0,10.224397451288208,0,2,2,유치원,광명시
서면초등학교,37.43866026,126.879510582,4,4,11,9,12,1,3,7,0,0,0,0,0,0,소하동,54145.0,1089.0,1725.0,2722.0,5536.0,10.224397451288208,0,2,2,초등학교,광명시
광명푸른숲어린이집,37.477792276,126.850856427,9,5,0,10,8,0,2,5,0,0,0,0,0,0,광명동,81129.0,2485.0,2341.0,2891.0,7717.0,9.512011734398303,0,6,3,어린이집,광명시
예림유치원,37.468769887,126.852729513,14,6,5,10,12,4,11,19,0,0,0,0,0,0,광명동,81129.0,2485.0,2341.0,2891.0,7717.0,9.512011734398303,0,3,2,유치원,광명시
예크어린이집,37.469854145,126.855135297,5,1,0,9,7,3,4,21,0,0,0,0,0,0,광명동,81129.0,2485.0,2341.0,2891.0,7717.0,9.512011734398303,0,3,1,어린이집,광명시
엄지창의어린이집,37.475694904,126.849686489,9,4,0,8,2,0,2,6,0,0,0,0,0,0,광명동,81129.0,2485.0,2341.0,2891.0,7717.0,9.512011734398303,0,5,2,어린이집,광명시
녹야유치원,37.47927063,126.857818996,8,3,3,3,0,0,8,6,0,0,0,0,0,0,광명동,81129.0,2485.0,2341.0,2891.0,7717.0,9.512011734398303,0,2,1,유치원,광명시
광명초등학교,37.480582748,126.858215136,8,3,3,3,0,0,8,7,0,0,0,0,0,0,광명동,81129.0,2485.0,2341.0,2891.0,7717.0,9.512011734398303,0,2,1,초등학교,광명시
광명남초등학교,37.476246648,126.852962238,5,5,1,8,8,0,2,24,0,0,0,0,0,0,광명동,81129.0,2485.0,2341.0,2891.0,7717.0,9.512011734398303,0,6,3,초등학교,광명시
광명서초등학교,37.477852489,126.847357982,12,4,4,10,0,2,4,11,0,0,0,0,0,0,광명동,81129.0,2485.0,2341.0,2891.0,7717.0,9.512011734398303,0,7,1,초등학교,광명시
광문초등학교,37.467074602,126.851639329,11,7,5,8,9,1,10,10,0,0,0,0,0,0,광명동,81129.0,2485.0,2341.0,2891.0,7717.0,9.512011734398303,0,3,2,초등학교,광명시
광일초등학교,37.471016793,126.847024959,20,4,16,13,10,0,11,9,0,0,0,0,0,0,광명동,81129.0,2485.0,2341.0,2891.0,7717.0,9.512011734398303,0,6,2,초등학교,광명시
세교유치원,37.42002424,126.848711399,0,0,0,0,0,0,0,3,0,0,0,0,0,0,가학동,,,,,,,0,0,0,유치원,광명시
온신초등학교,37.442701862,126.84573469,9,3,6,9,0,0,4,9,0,0,0,0,0,0,노온사동,,,,,,,0,2,1,초등학교,광명시
안서초등학교,37.402053882,126.871781379,4,5,2,8,4,0,2,9,0,0,0,0,0,0,가학동,,,,,,,0,2,0,초등학교,광명시
산들유치원,37.454875307,126.860017887,4,0,0,5,0,0,1,4,0,0,0,0,0,0,하안동,66369.0,1590.0,1990.0,2818.0,6398.0,9.640042791062092,0,2,0,유치원,광명시
하안남초등학교,37.461014207,126.885382868,1,3,5,12,23,2,7,21,0,0,0,0,0,0,하안동,66369.0,1590.0,1990.0,2818.0,6398.0,9.640042791062092,0,2,3,초등학교,광명시
예솔유치원,37.456700229,126.87841054,10,8,17,22,16,0,12,4,0,0,0,0,0,0,하안동,66369.0,1590.0,1990.0,2818.0,6398.0,9.640042791062092,0,3,2,유치원,광명시
구름산유치원,37.455660136,126.882185903,9,6,21,26,22,0,22,5,0,0,0,0,0,0,소하동,54145.0,1089.0,1725.0,2722.0,5536.0,10.224397451288208,0,4,0,유치원,광명시
가림초등학교,37.458199404,126.880148027,12,8,19,25,16,0,13,6,0,0,0,0,0,0,하안동,66369.0,1590.0,1990.0,2818.0,6398.0,9.640042791062092,0,3,2,초등학교,광명시
연서초등학교,37.466263613,126.880934844,9,6,11,8,20,0,10,9,0,0,0,0,0,0,하안동,66369.0,1590.0,1990.0,2818.0,6398.0,9.640042791062092,0,3,2,초등학교,광명시
파랑새유치원,37.461323282,126.881383058,10,2,5,12,10,1,7,6,0,0,0,0,0,0,하안동,66369.0,1590.0,1990.0,2818.0,6398.0,9.640042791062092,0,1,1,유치원,광명시
구름산초등학교,37.453765538,126.88443634,6,10,23,30,41,3,21,8,0,0,0,0,0,0,소하동,54145.0,1089.0,1725.0,2722.0,5536.0,10.224397451288208,0,4,2,초등학교,광명시
소하초등학교,37.447116781,126.888053937,13,16,19,35,93,0,32,15,0,0,0,0,0,0,소하동,54145.0,1089.0,1725.0,2722.0,5536.0,10.224397451288208,0,5,4,초등학교,광명시
홍익어린이집,37.474168784,126.864568531,9,10,15,7,40,0,17,9,0,0,0,0,0,0,철산동,69508.0,2254.0,2787.0,3666.0,8707.0,12.52661564136502,0,5,1,어린이집,광명시
마리아어린이집,37.471790925,126.865684408,13,19,40,28,77,1,32,10,0,0,0,0,0,0,철산동,69508.0,2254.0,2787.0,3666.0,8707.0,12.52661564136502,0,5,2,어린이집,광명시
광덕초등학교,37.472941774,126.867567576,8,15,32,23,69,1,26,28,0,0,0,0,0,0,철산동,69508.0,2254.0,2787.0,3666.0,8707.0,12.52661564136502,0,5,2,초등학교,광명시
안현초등학교,37.470454112,126.868184636,10,17,41,29,60,1,25,20,0,0,0,0,0,0,하안동,66369.0,1590.0,1990.0,2818.0,6398.0,9.640042791062092,0,3,2,초등학교,광명시
구름산어린이집,37.468178692,126.865305483,16,12,21,11,17,0,17,10,0,0,0,0,0,0,철산동,69508.0,2254.0,2787.0,3666.0,8707.0,12.52661564136502,0,1,0,어린이집,광명시
하안북초등학교,37.465514167,126.867288614,10,11,18,19,25,0,13,15,0,0,0,0,0,0,하안동,66369.0,1590.0,1990.0,2818.0,6398.0,9.640042791062092,0,2,2,초등학교,광명시
가림유치원,37.463910106,126.868203087,8,9,15,19,19,0,12,24,0,0,0,0,0,0,하안동,66369.0,1590.0,1990.0,2818.0,6398.0,9.640042791062092,0,3,2,유치원,광명시
하안초등학교,37.463744031,126.874382633,10,5,12,8,8,0,5,7,0,0,0,0,0,0,하안동,66369.0,1590.0,1990.0,2818.0,6398.0,9.640042791062092,0,2,2,초등학교,광명시
예원유치원,37.461271246,126.877311964,5,4,8,7,4,0,1,36,0,0,0,0,0,0,하안동,66369.0,1590.0,1990.0,2818.0,6398.0,9.640042791062092,0,2,0,유치원,광명시
예지유치원,37.490201801,126.867907656,8,5,8,10,13,0,12,8,2,2,1,0,1,1,철산동,69508.0,2254.0,2787.0,3666.0,8707.0,12.52661564136502,0,2,1,유치원,광명시
예지유치원,37.490201801,126.867907656,8,5,8,10,13,0,12,8,2,2,1,0,1,1,철산동,69508.0,2254.0,2787.0,3666.0,8707.0,12.52661564136502,0,2,1,유치원,광명시
광명북초등학교,37.487367731,126.868000893,10,7,14,9,17,0,11,8,2,2,1,0,1,1,철산동,69508.0,2254.0,2787.0,3666.0,8707.0,12.52661564136502,0,3,1,초등학교,광명시
광명북초등학교,37.487367731,126.868000893,10,7,14,9,17,0,11,8,2,2,1,0,1,1,철산동,69508.0,2254.0,2787.0,3666.0,8707.0,12.52661564136502,0,3,1,초등학교,광명시
삼흥유치원,37.477651417,126.868859296,4,3,2,7,0,1,1,8,0,0,0,0,0,0,철산동,69508.0,2254.0,2787.0,3666.0,8707.0,12.52661564136502,0,1,0,유치원,광명시
혜성유치원,37.46683873,126.879237896,11,7,15,12,22,0,12,10,0,0,0,0,0,0,하안동,66369.0,1590.0,1990.0,2818.0,6398.0,9.640042791062092,0,4,2,유치원,광명시
철산초등학교,37.46984647,126.873334063,7,12,34,15,53,1,18,14,0,0,0,0,0,0,철산동,69508.0,2254.0,2787.0,3666.0,8707.0,12.52661564136502,0,4,4,초등학교,광명시
하일초등학교,37.469301665,126.876139495,6,11,20,11,43,1,16,11,0,0,0,0,0,0,하안동,66369.0,1590.0,1990.0,2818.0,6398.0,9.640042791062092,0,4,4,초등학교,광명시
한마음유치원,37.467165937,126.875826468,8,10,28,15,40,1,15,11,0,0,0,0,0,0,하안동,66369.0,1590.0,1990.0,2818.0,6398.0,9.640042791062092,0,5,3,유치원,광명시
광성초등학교,37.477602811,126.872541416,7,7,6,7,12,4,6,8,0,0,0,0,0,0,철산동,69508.0,2254.0,2787.0,3666.0,8707.0,12.52661564136502,0,4,2,초등학교,광명시
광명동초등학교,37.483389861,126.863980047,11,4,9,9,1,0,3,12,0,0,0,0,0,0,철산동,69508.0,2254.0,2787.0,3666.0,8707.0,12.52661564136502,0,4,1,초등학교,광명시
철산어린이집,37.482189184,126.862267533,10,4,9,8,1,0,3,9,0,0,0,0,0,0,철산동,69508.0,2254.0,2787.0,3666.0,8707.0,12.52661564136502,0,4,1,어린이집,광명시
